"","category_key","variable","value","response_count","Yes_percentage","No_percentage","response_stratafying_cat","percentage_of_n","proportion_error","ymax_y","ymin_y","ymax_n","ymin_n","chi_values"
"1","Formal_Training","Yes",0.51,200,0.51,0.49,249,0.803212851405622,0.0493812533067875,0.535184439186462,0.484815560813538,0.514196814120326,0.465803185879674,0.777297410789522
"2","No_Training","Yes",0.544303797468354,79,0.544303797468354,0.455696202531646,103,0.766990291262136,0.0816415836633819,0.588741621487664,0.499865973449045,0.492899962175718,0.418492442887573,0.430953224000789
"3","SelfDTaught","Yes",0.513089005235602,382,0.513089005235602,0.486910994764398,469,0.814498933901919,0.0351787282122624,0.531138823899485,0.495039186571719,0.504039904312777,0.469782085216019,0.608899828257115
"4","Workshops_and_Bootcamps","Yes",0.595121951219512,205,0.595121951219512,0.404878048780488,231,0.887445887445887,0.0407562038418999,0.619376862774204,0.570867039664821,0.421379341067696,0.38837675649328,0.00645203052577765
"5","Formal_Training","No",0.49,200,0.51,0.49,249,0.803212851405622,0.0493812533067875,0.535184439186462,0.484815560813538,0.514196814120326,0.465803185879674,0.777297410789522
"6","No_Training","No",0.455696202531646,79,0.544303797468354,0.455696202531646,103,0.766990291262136,0.0816415836633819,0.588741621487664,0.499865973449045,0.492899962175718,0.418492442887573,0.430953224000789
"7","SelfDTaught","No",0.486910994764398,382,0.513089005235602,0.486910994764398,469,0.814498933901919,0.0351787282122624,0.531138823899485,0.495039186571719,0.504039904312777,0.469782085216019,0.608899828257115
"8","Workshops_and_Bootcamps","No",0.404878048780488,205,0.595121951219512,0.404878048780488,231,0.887445887445887,0.0407562038418999,0.619376862774204,0.570867039664821,0.421379341067696,0.38837675649328,0.00645203052577765
