"","category_key","variable","value","response_count","Yes_percentage","No_percentage","response_stratafying_cat","percentage_of_n","proportion_error","ymax_y","ymin_y","ymax_n","ymin_n","chi_values"
"1","Formal_Training","Yes",0.51,200,0.51,0.49,103,1.94174757281553,NA,NA,NA,NA,NA,0.777297410789522
"2","No_Training","Yes",0.544303797468354,79,0.544303797468354,0.455696202531646,469,0.168443496801706,0.0338715192091542,0.562740193999919,0.52586740093679,0.471131325209235,0.440261079854056,0.430953224000789
"3","SelfDTaught","Yes",0.513089005235602,382,0.513089005235602,0.486910994764398,231,1.65367965367965,NA,NA,NA,NA,NA,0.608899828257115
"4","Workshops_and_Bootcamps","Yes",0.595121951219512,205,0.595121951219512,0.404878048780488,249,0.823293172690763,0.0473753399286766,0.623316055957554,0.566927846481471,0.424059283971123,0.385696813589853,0.00645203052577765
"5","Formal_Training","No",0.49,200,0.51,0.49,103,1.94174757281553,NA,NA,NA,NA,NA,0.777297410789522
"6","No_Training","No",0.455696202531646,79,0.544303797468354,0.455696202531646,469,0.168443496801706,0.0338715192091542,0.562740193999919,0.52586740093679,0.471131325209235,0.440261079854056,0.430953224000789
"7","SelfDTaught","No",0.486910994764398,382,0.513089005235602,0.486910994764398,231,1.65367965367965,NA,NA,NA,NA,NA,0.608899828257115
"8","Workshops_and_Bootcamps","No",0.404878048780488,205,0.595121951219512,0.404878048780488,249,0.823293172690763,0.0473753399286766,0.623316055957554,0.566927846481471,0.424059283971123,0.385696813589853,0.00645203052577765
