Var1,Var2,value,summed_score,percentage,responses,proportion,nice_names,positive_scored_response,null_scored_response,prop_test_chi_pvalue,proportion_error,ymax,ymin
Non-underrepresented,Faculty Issues: Expertise/training,154.0,162.0,95.06172839506173,419.0,0.36754176610978523,Not_underrepresented_in_STEM,154.0,265.0,0.009068751951603853,0.04616473574828907,0.38450923461870296,0.3505742976008675
underrepresented,Faculty Issues: Expertise/training,8.0,162.0,4.938271604938271,48.0,0.16666666666666666,Underrepresented_in_STEM,8.0,40.0,0.009068751951603853,0.10542927599013832,0.18423821266502305,0.14909512066831027
Non-underrepresented,Faculty Issues: Time,113.0,121.0,93.38842975206612,419.0,0.26968973747016706,Not_underrepresented_in_STEM,113.0,306.0,0.1709398997451897,0.042493939139149936,0.2811499167606777,0.2582295581796564
underrepresented,Faculty Issues: Time,8.0,121.0,6.6115702479338845,48.0,0.16666666666666666,Underrepresented_in_STEM,8.0,40.0,0.1709398997451897,0.10542927599013832,0.18423821266502305,0.14909512066831027
Non-underrepresented,Curriculum Issues: No space,89.0,95.0,93.6842105263158,419.0,0.21241050119331742,Not_underrepresented_in_STEM,89.0,330.0,0.21655748649751902,0.03916327749127003,0.22072919259361104,0.2040918097930238
underrepresented,Curriculum Issues: No space,6.0,95.0,6.315789473684211,48.0,0.125,Underrepresented_in_STEM,6.0,42.0,0.21655748649751902,0.09355920123481307,0.13669490015435162,0.11330509984564836
Non-underrepresented,Curriculum Issues: Incompatible with current curriculum,40.0,47.0,85.1063829787234,419.0,0.0954653937947494,Not_underrepresented_in_STEM,40.0,379.0,0.39787547150173735,0.028136926572124278,0.0981514965701312,0.0927792910193676
underrepresented,Curriculum Issues: Incompatible with current curriculum,7.0,47.0,14.893617021276595,48.0,0.14583333333333334,Underrepresented_in_STEM,7.0,41.0,0.39787547150173735,0.0998451981769148,0.16039409140080008,0.1312725752658666
