Var1,Var2,value,summed_score,percentage,responses,proportion,nice_names,positive_scored_response,null_scored_response,prop_test_chi_pvalue,proportion_error,ymax,ymin
Non-underrepresented,Faculty Issues: Expertise/training,154.0,162.0,95.06172839506173,880.0,0.175,Not_underrepresented_in_STEM,154.0,726.0,0.10989370671780216,0.02510456806579491,0.1793932994115141,0.17060670058848587
underrepresented,Faculty Issues: Expertise/training,8.0,162.0,4.938271604938271,81.0,0.09876543209876543,Underrepresented_in_STEM,8.0,73.0,0.10989370671780216,0.06497211229571212,0.10518243084402094,0.09234843335350991
Non-underrepresented,Faculty Issues: Time,113.0,121.0,93.38842975206612,880.0,0.12840909090909092,Not_underrepresented_in_STEM,113.0,767.0,0.5521348581853694,0.022103496875171578,0.13124738084874363,0.1255708009694382
underrepresented,Faculty Issues: Time,8.0,121.0,6.6115702479338845,81.0,0.09876543209876543,Underrepresented_in_STEM,8.0,73.0,0.5521348581853694,0.06497211229571212,0.10518243084402094,0.09234843335350991
Non-underrepresented,Curriculum Issues: No space,89.0,95.0,93.6842105263158,880.0,0.10113636363636364,Not_underrepresented_in_STEM,89.0,791.0,0.5576234016048421,0.019920825346644078,0.10315108347255832,0.09912164380016895
underrepresented,Curriculum Issues: No space,6.0,95.0,6.315789473684211,81.0,0.07407407407407407,Underrepresented_in_STEM,6.0,75.0,0.5576234016048421,0.05703307919134475,0.07829874660676628,0.06984940154138186
Non-underrepresented,Curriculum Issues: Incompatible with current curriculum,40.0,47.0,85.1063829787234,880.0,0.045454545454545456,Not_underrepresented_in_STEM,40.0,840.0,0.17173569005684425,0.013762385586476019,0.04608010843574891,0.044828982473342
underrepresented,Curriculum Issues: Incompatible with current curriculum,7.0,47.0,14.893617021276595,81.0,0.08641975308641975,Underrepresented_in_STEM,7.0,74.0,0.17173569005684425,0.06119070298337689,0.09170783852942763,0.08113166764341187
