"","Var1","Freq","percentage","percentage_of_total_N","question"
"1","Female",497,0.403736799350122,0.403736799350122,"Q14 sex"
"2","Male",516,0.419171405361495,0.419171405361495,"Q14 sex"
"3",NA,218,0.177091795288383,0.177091795288383,"Q14 sex"
