"","Var1","Freq","percentage"
"1","1_Female",497,47.3784556720686
"2","2_Male",516,49.1897044804576
"3","3_Rather not say",36,3.43183984747378
