"","Var1","Freq","percentage","percentage_of_total_N","question"
"1","Female",497,0.490621915103652,0.403736799350122,"Q14 sex"
"2","Male",516,0.509378084896348,0.419171405361495,"Q14 sex"
