"","Var1","Freq","percentage"
"1","1_Yes",354,34.0057636887608
"2","2_No",399,38.328530259366
"3","3_Don't know",288,27.6657060518732
