"","Var1","Freq","percentage","percentage_of_total_N"
"1","Total Students: < 5,000",331,0.32804757185332,0.268887083671812
"2","Total Students: > 15,000",334,0.331020812685828,0.271324126726239
"3","Total Students: 5-15,000",344,0.340931615460852,0.27944760357433
