"","Var1","Freq","percentage"
"1","1_'< 5,000' student'",331,31.8269230769231
"2","2_'5,000 - 15,000' students",344,33.0769230769231
"3","3_'> 15,000' students",334,32.1153846153846
"4","4_Don't know",31,2.98076923076923
