"","Var1","Freq","percentage"
"1","1_'< 5,000' student'",331,31.7963496637848
"2","2_'5,000 - 15,000' students",344,33.045148895293
"3","3_'> 15,000' students",334,32.0845341018252
"4","4_Don't know",31,2.97790585975024
