"","Var1","Freq","percentage"
"1","1_'< 5,000' students",382,36.8370298939248
"2","2_'5,000 - 15,000' students",333,32.1118611378978
"3","3_'> 15,000' students",284,27.3866923818708
"4","4_Don't know",38,3.66441658630665
