"","Var1","Freq","percentage","percentage_of_total_N"
"1","Full-time faculty < 10",269,0.218521527213647,0.218521527213647
"2","Full-time faculty > 50",37,0.0300568643379366,0.0300568643379366
"3","Full-time faculty 10-20",397,0.322502030869212,0.322502030869212
"4","Full-time faculty 21-30",185,0.150284321689683,0.150284321689683
"5","Full-time faculty 31-40",91,0.073923639317628,0.073923639317628
"6","Full-time faculty 41-50",31,0.025182778229082,0.025182778229082
"7",NA,221,0.179528838342811,0.179528838342811
