"","Var1","Freq","percentage","percentage_of_total_N"
"1","Full-time faculty < 10",269,0.266336633663366,0.218521527213647
"2","Full-time faculty > 50",37,0.0366336633663366,0.0300568643379366
"3","Full-time faculty 10-20",397,0.393069306930693,0.322502030869212
"4","Full-time faculty 21-30",185,0.183168316831683,0.150284321689683
"5","Full-time faculty 31-40",91,0.0900990099009901,0.073923639317628
"6","Full-time faculty 41-50",31,0.0306930693069307,0.025182778229082
