"","Var1","Freq","percentage"
"1","1_'< 10'",269,25.8157389635317
"2","2_'10 - 20'",397,38.0998080614203
"3","3_'21 - 30'",185,17.7543186180422
"4","4_'31 - 40'",91,8.73320537428023
"5","5_'41 - 50'",31,2.97504798464491
"6","6_'> 50'",37,3.55086372360845
"7","7_Don't know",32,3.07101727447217
