"","Var1","Freq","percentage"
"1","1_'< 50'",98,9.40499040307102
"2","2_'51 - 100'",140,13.4357005758157
"3","3_'101 - 500'",380,36.468330134357
"4","4_'501 - 2000'",240,23.0326295585413
"5","5_'> 2000'",58,5.56621880998081
"6","6_Don't know",125,11.9961612284069
