"","Var1","Freq","percentage","percentage_of_total_N"
"1","2-year Institution",210,0.186005314437555,0.170593013809911
"2","4-year Institution",903,0.799822852081488,0.733549959382616
"3","OTHER Institution type",16,0.0141718334809566,0.0129975629569456
