"","Var1","Freq","percentage","percentage_of_total_N"
"1","2-year Institution",210,0.170593013809911,0.170593013809911
"2","4-year Institution",903,0.733549959382616,0.733549959382616
"3","OTHER Institution type",16,0.0129975629569456,0.0129975629569456
"4",NA,102,0.082859463850528,0.082859463850528
