"","Var1","Freq","percentage"
"1","MW",297,24.2053789731051
"2","NE",268,21.841890790546
"3","SO",397,32.3553382233089
"4","WE",265,21.5973920130399
