"","Var1","Freq","percentage","percentage_of_total_N"
"1","MW",297,0.241267262388302,0.241267262388302
"2","NE",268,0.217709179528838,0.217709179528838
"3","SO",397,0.322502030869212,0.322502030869212
"4","WE",265,0.215272136474411,0.215272136474411
"5",NA,4,0.00324939073923639,0.00324939073923639
