"","Decade_of_degree","N_faculty_w_degrees","n_faculty_integrators","percentage_of_integrators","question_n","chivalue"
"1","1980s",178,63,35.4,908,0.00315235731505309
"2","1990s",267,112,41.9,908,0.00315235731505309
"3","2000s",324,135,41.7,908,0.00315235731505309
"4","2010s",139,35,25.2,908,0.00315235731505309
