"","category_key","variable","value","response_count","Yes_percentage","No_percentage","response_stratafying_cat","percentage_of_n","proportion_error","ymax_y","ymin_y","ymax_n","ymin_n","chi_values"
"1","Dedicated.Course","Yes",0.462809917355372,121,0.462809917355372,0.537190082644628,132,0.916666666666667,0.0471494055865072,0.484631129858218,0.440988704852526,0.562518275728289,0.511861889560967,0.41325337549364
"2","Integrating.Bioinformatics","Yes",0.530612244897959,245,0.530612244897959,0.469387755102041,263,0.931558935361217,0.0305164326145713,0.546804637713854,0.514419852082064,0.483711794900717,0.455063715303365,0.337904019103005
"3","Not.Integrating.Bioinformatics","Yes",0.551792828685259,502,0.551792828685259,0.448207171314741,591,0.849407783417936,0.0288345867500204,0.567703546872023,0.535882110498495,0.461131039877997,0.435283302751485,0.0202936677380739
"4","Dedicated.Course","No",0.537190082644628,121,0.462809917355372,0.537190082644628,132,0.916666666666667,0.0471494055865072,0.484631129858218,0.440988704852526,0.562518275728289,0.511861889560967,0.41325337549364
"5","Integrating.Bioinformatics","No",0.469387755102041,245,0.530612244897959,0.469387755102041,263,0.931558935361217,0.0305164326145713,0.546804637713854,0.514419852082064,0.483711794900717,0.455063715303365,0.337904019103005
"6","Not.Integrating.Bioinformatics","No",0.448207171314741,502,0.551792828685259,0.448207171314741,591,0.849407783417936,0.0288345867500204,0.567703546872023,0.535882110498495,0.461131039877997,0.435283302751485,0.0202936677380739
