"","category_key","variable","value","response_count","Yes_percentage","No_percentage","response_stratafying_cat","percentage_of_n","proportion_error","ymax_y","ymin_y","ymax_n","ymin_n","chi_values"
"1","Female","Yes",0.604215456674473,427,0.604215456674473,0.395784543325527,497,0.859154929577465,0.0305827451312246,0.622694023990295,0.585736889358651,0.40788872114093,0.383680365510124,1.65474730060179e-05
"2","Male","Yes",0.459259259259259,405,0.459259259259259,0.540740740740741,516,0.784883720930233,0.0354537795199378,0.475541735779527,0.442976782738991,0.559912043740411,0.521569437741071,0.101050255925411
"3","Female","No",0.395784543325527,427,0.604215456674473,0.395784543325527,497,0.859154929577465,0.0305827451312246,0.622694023990295,0.585736889358651,0.40788872114093,0.383680365510124,1.65474730060179e-05
"4","Male","No",0.540740740740741,405,0.459259259259259,0.540740740740741,516,0.784883720930233,0.0354537795199378,0.475541735779527,0.442976782738991,0.559912043740411,0.521569437741071,0.101050255925411
