Var1,Var2,value,summed_score,percentage,responses,proportion,nice_names,positive_scored_response,null_scored_response,prop_test_chi_pvalue,proportion_error,ymax,ymin
Non-underrepresented,Faculty Issues: Expertise/training,122.0,139.0,87.76978417266187,880.0,0.13863636363636364,Not.underrepresented.in.STEM,122.0,758.0,0.11427423013354426,0.022831718484683017,0.14180167006264924,0.13547105721007804
underrepresented,Faculty Issues: Expertise/training,17.0,139.0,12.23021582733813,81.0,0.20987654320987653,Underrepresented.in.STEM,17.0,64.0,0.11427423013354426,0.088681904314569,0.2284887947326873,0.19126429168706577
Non-underrepresented,Faculty Issues: Time,63.0,69.0,91.30434782608695,880.0,0.0715909090909091,Not.underrepresented.in.STEM,63.0,817.0,0.9999999999999996,0.017033558476258634,0.07281035702727762,0.07037146115454057
underrepresented,Faculty Issues: Time,6.0,69.0,8.695652173913043,81.0,0.07407407407407407,Underrepresented.in.STEM,6.0,75.0,0.9999999999999996,0.05703307919134475,0.07829874660676628,0.06984940154138186
