"","category_key","variable","value","response_count","Yes_percentage","No_percentage","response_stratafying_cat","percentage_of_n","proportion_error","ymax_y","ymin_y","ymax_n","ymin_n","chi_values"
"1","Minority.Serving","Yes",0.627906976744186,301,0.627906976744186,0.372093023255814,354,0.850282485875706,0.0371675881898678,0.651244764677359,0.604569188811013,0.385922823512509,0.358263222999119,9.07116899597764e-06
"2","Non.Minority.Serving","Yes",0.493975903614458,332,0.493975903614458,0.506024096385542,399,0.832080200501253,0.0366771170011796,0.512093515627089,0.475858291601827,0.524583601374091,0.487464591396993,0.826238365918728
"3","Minority.Serving","No",0.372093023255814,301,0.627906976744186,0.372093023255814,354,0.850282485875706,0.0371675881898678,0.651244764677359,0.604569188811013,0.385922823512509,0.358263222999119,9.07116899597764e-06
"4","Non.Minority.Serving","No",0.506024096385542,332,0.493975903614458,0.506024096385542,399,0.832080200501253,0.0366771170011796,0.512093515627089,0.475858291601827,0.524583601374091,0.487464591396993,0.826238365918728
